{
  "@context": "https://WCRP-CMIP.github.io/CMIP6Plus_CVs/core/_context",
  "id": "descriptors",
  "type": "core",
  "drs": [
    "drs"
  ],
  "index": [
    "index"
  ],
  "license": [
    "^CMIP6Plus model data produced by .* is licensed under a Creative Commons .* License (https://creativecommons\\.org/.*)\\. *Consult https://pcmdi\\.llnl\\.gov/CMIP6Plus/TermsOfUse for terms of use governing CMIP6Plus output, including citation requirements and proper acknowledgment\\. *The data producers and data providers make no warranty, either express or implied, including, but not limited to, warranties of merchantability and fitness for a particular purpose\\. *All liabilities arising from the supply of the information (including any liability arising in negligence) are excluded to the fullest extent permitted by law\\.$"
  ],
  "mip-era": [
    "cmip6plus"
  ],
  "product": [
    "model-output"
  ],
  "required-global-attributes": [
    "Conventions",
    "activity_id",
    "creation_date",
    "data_specs_version",
    "experiment",
    "experiment_id",
    "forcing_index",
    "frequency",
    "grid",
    "grid_label",
    "initialization_index",
    "institution",
    "institution_id",
    "license",
    "mip_era",
    "nominal_resolution",
    "physics_index",
    "realization_index",
    "realm",
    "source",
    "source_id",
    "source_type",
    "sub_experiment",
    "sub_experiment_id",
    "table_id",
    "tracking_id",
    "variable_id",
    "variant_label"
  ],
  "table_id": [
    "ACmon",
    "ACmonZ",
    "AE1hr",
    "AE3hrPt",
    "AE3hrPtLev",
    "AE6hr",
    "AE6hrPt",
    "AE6hrPtLev",
    "AEday",
    "AEmon",
    "AEmonLev",
    "AEmonZ",
    "AEsubhrPt",
    "AEsubhrPtSite",
    "AP1hr",
    "AP1hrPt",
    "AP3hr",
    "AP3hrPt",
    "AP3hrPtLev",
    "AP6hr",
    "AP6hrPt",
    "AP6hrPtLev",
    "AP6hrPtZ",
    "APday",
    "APdayLev",
    "APdayZ",
    "APfx",
    "APmon",
    "APmonClim",
    "APmonClimLev",
    "APmonDiurnal",
    "APmonLev",
    "APmonZ",
    "APsubhrPt",
    "APsubhrPtLev",
    "APsubhrPtSite",
    "GIAfx",
    "GIAmon",
    "GIAyr",
    "GIGfx",
    "GIGmon",
    "GIGyr",
    "LI3hrPt",
    "LI6hrPt",
    "LIday",
    "LIfx",
    "LImon",
    "LIsubhrPtSite",
    "LP3hr",
    "LP3hrPt",
    "LP6hrPt",
    "LPday",
    "LPfx",
    "LPmon",
    "LPyr",
    "LPyrPt",
    "OBday",
    "OBmon",
    "OBmonLev",
    "OByr",
    "OByrLev",
    "OP3hrPt",
    "OPday",
    "OPdec",
    "OPdecLev",
    "OPdecZ",
    "OPfx",
    "OPmon",
    "OPmonClim",
    "OPmonClimLev",
    "OPmonLev",
    "OPmonZ",
    "OPyr",
    "OPyrLev",
    "SIday",
    "SImon",
    "SImonPt"
  ],
  "tracking-id": [
    "hdl:21.14100/.*"
  ]
}