[
  {
    "debugid": "cmip6plus:source/id/giss-e2-1-g",
    "organisation-id": {
      "cmip-acronym": "NASA-GISS",
      "debugid": "mip-cmor-tables:organisations/institutions/nasa-giss",
      "name": "Goddard Institute for Space Studies",
      "ror": "01cyfxe35"
    }
  },
  {
    "debugid": "cmip6plus:source/id/hadgem3-gc31-ll",
    "organisation-id": {
      "cmip-acronym": "MOHC",
      "debugid": "mip-cmor-tables:organisations/institutions/mohc",
      "name": "Met Office",
      "ror": "01ch2yn61"
    }
  },
  {
    "debugid": "cmip6plus:source/id/miroc6",
    "organisation-id": {
      "cmip-acronym": "MIROC",
      "debugid": "mip-cmor-tables:organisations/consortia/miroc",
      "description": "MIROC Consortium",
      "members": [
        {
          "institution": "mip-cmor-tables:organisations/institutions/jamstec"
        },
        {
          "institution": "mip-cmor-tables:organisations/institutions/aori"
        },
        {
          "institution": "mip-cmor-tables:organisations/institutions/nies"
        },
        {
          "institution": "mip-cmor-tables:organisations/institutions/r-ccs"
        }
      ]
    }
  },
  {
    "debugid": "cmip6plus:source/id/mpi-esm1-2-hr",
    "organisation-id": {
      "cmip-acronym": "MPI-M",
      "debugid": "mip-cmor-tables:organisations/institutions/mpi-m",
      "name": "Max Planck Institute for Meteorology",
      "ror": "05esem239"
    }
  },
  {
    "debugid": "cmip6plus:source/id/mpi-esm1-2-lr",
    "organisation-id": {
      "cmip-acronym": "MPI-M",
      "debugid": "mip-cmor-tables:organisations/institutions/mpi-m",
      "name": "Max Planck Institute for Meteorology",
      "ror": "05esem239"
    }
  },
  {
    "debugid": "cmip6plus:source/id/noresm2-lm",
    "organisation-id": {
      "cmip-acronym": "NCC",
      "debugid": "mip-cmor-tables:organisations/consortia/ncc",
      "description": "NCC Consortium",
      "members": [
        {
          "institution": "mip-cmor-tables:organisations/institutions/noresm"
        },
        {
          "institution": "mip-cmor-tables:organisations/institutions/met-norway"
        },
        {
          "institution": "mip-cmor-tables:organisations/institutions/nersc"
        },
        {
          "institution": "mip-cmor-tables:organisations/institutions/nilu"
        },
        {
          "institution": "mip-cmor-tables:organisations/institutions/uib"
        },
        {
          "institution": "mip-cmor-tables:organisations/institutions/uio"
        },
        {
          "institution": "mip-cmor-tables:organisations/institutions/uni"
        }
      ]
    }
  }
]
