[
  {
    "activity-participation": [
      "LESFMIP",
      "CMIP"
    ],
    "cohort": "Published",
    "contributors": {},
    "label": "GISS-E2.1G",
    "label-extended": "GISS-E2.1G",
    "license": {
      "exceptions-contact": "@lists.nasa.gov <- cmip-giss-l",
      "kind": {},
      "source-specific-info": ""
    },
    "model-component": [
      "Varies_with_physics-version",
      "GISS-E2.1",
      "GISS_LSM",
      "GISS_Ocean",
      "GISS_SI"
    ],
    "name": "GISS-E2-1-G",
    "organisation-id": {},
    "release-year": 2019
  },
  {
    "activity-participation": [
      "CMIP",
      "LESFMIP"
    ],
    "cohort": "Published",
    "contributors": {},
    "label": "HadGEM3-GC31-LL",
    "label-extended": "HadGEM3-GC3.1-N96ORCA1",
    "license": {
      "exceptions-contact": "@metoffice.gov.uk <- cmip6.hadgem3",
      "kind": {},
      "source-specific-info": "https://ukesm.ac.uk/licensing-of-met-office-nerc-and-niwa-cmip6-data/"
    },
    "model-component": [
      "UKCA-GLOMAP-mode",
      "MetUM-HadGEM3-GA7.1",
      "JULES-HadGEM3-GL7.1",
      "NEMO-HadGEM3-GO6.0",
      "CICE-HadGEM3-GSI8"
    ],
    "name": "HadGEM3-GC31-LL",
    "organisation-id": {},
    "release-year": 2016
  },
  {
    "activity-participation": [
      "CMIP",
      "LESFMIP"
    ],
    "cohort": "Published",
    "contributors": {},
    "label": "MIROC6",
    "label-extended": "MIROC6",
    "license": {
      "exceptions-contact": "@jamstec.go.jp <- miroc-cmip6",
      "kind": {},
      "source-specific-info": ""
    },
    "model-component": [
      "SPRINTARS6.0",
      "CCSR_AGCM",
      "MATSIRO6.0",
      "COCO4.9"
    ],
    "name": "MIROC6",
    "organisation-id": {},
    "release-year": 2017
  },
  {
    "activity-participation": [
      "CMIP",
      "LESFMIP"
    ],
    "cohort": "Published",
    "contributors": {},
    "label": "MPI-ESM1.2-HR",
    "label-extended": "MPI-ESM1.2-HR",
    "license": {
      "exceptions-contact": "@dkrz.de <- cmip6-mpi-esm",
      "kind": {},
      "source-specific-info": ""
    },
    "model-component": [
      ",_prescribed_MACv2-SP",
      "ECHAM6.3",
      "JSBACH3.20",
      "prescribed",
      "MPIOM1.63",
      "HAMOCC6",
      "unnamed"
    ],
    "name": "MPI-ESM1-2-HR",
    "organisation-id": {},
    "release-year": 2017
  },
  {
    "activity-participation": [
      "CMIP",
      "LESFMIP"
    ],
    "cohort": "Published",
    "contributors": {},
    "label": "MPI-ESM1-2-LR",
    "label-extended": "MPI-ESM1.2-LR",
    "license": {
      "exceptions-contact": "@dkrz.de <- cmip6-mpi-esm",
      "kind": {},
      "source-specific-info": ""
    },
    "model-component": [
      ",_prescribed_MACv2-SP",
      "ECHAM6.3",
      "JSBACH3.20",
      "prescribed",
      "MPIOM1.63",
      "HAMOCC6",
      "unnamed"
    ],
    "name": "MPI-ESM1-2-LR",
    "organisation-id": {},
    "release-year": 2017
  },
  {
    "activity-participation": [
      "CMIP",
      "LESFMIP"
    ],
    "cohort": "Published",
    "contributors": {},
    "label": "NorESM2-LM",
    "label-extended": "NorESM2-LM (low atmosphere-medium ocean resolution, GHG concentration driven)",
    "license": {
      "exceptions-contact": "@met.no <- noresm-ncc",
      "kind": {},
      "source-specific-info": ""
    },
    "model-component": [
      "OsloAero",
      "CAM-OSLO",
      "OsloChemSimp",
      "CLM",
      "CISM",
      "MICOM",
      "HAMOCC",
      "CICE"
    ],
    "name": "NorESM2-LM",
    "organisation-id": {},
    "release-year": 2017
  }
]
