[
  {
    "activity-id": "CMIP",
    "description": "DECK: 1pctCO2",
    "experiment": "1 percent per year increase in CO2",
    "experiment-id": "1pctCO2",
    "model-components": {
      "additional-allowed": [
        "AER",
        "CHEM",
        "BGC"
      ],
      "required": "AOGCM"
    }
  },
  {
    "activity-id": "CMIP",
    "description": "DECK: abrupt-4xCO2",
    "experiment": "abrupt quadrupling of CO2",
    "experiment-id": "abrupt-4xCO2",
    "model-components": {
      "additional-allowed": [
        "AER",
        "CHEM",
        "BGC"
      ],
      "required": "AOGCM"
    }
  },
  {
    "activity-id": "CMIP",
    "description": "DECK: AMIP",
    "experiment": "AMIP",
    "experiment-id": "amip",
    "model-components": {
      "additional-allowed": [
        "AER",
        "CHEM",
        "BGC"
      ],
      "required": "AGCM"
    }
  },
  {
    "activity-id": "CMIP",
    "description": "CMIP6 historical (CO2 emission-driven)",
    "experiment": "all-forcing simulation of the recent past with atmospheric CO2 concentration calculated (CO2 emission-driven)",
    "experiment-id": "esm-hist",
    "model-components": {
      "additional-allowed": [
        "AER",
        "CHEM"
      ],
      "required": [
        "AOGCM",
        "BGC"
      ]
    }
  },
  {
    "activity-id": "CMIP",
    "description": "DECK: control (emission-driven)",
    "experiment": "pre-industrial control simulation with preindustrial CO2 emissions defined (CO2 emission-driven)",
    "experiment-id": "esm-piControl",
    "model-components": {
      "additional-allowed": [
        "AER",
        "CHEM"
      ],
      "required": [
        "AOGCM",
        "BGC"
      ]
    }
  },
  {
    "activity-id": "CMIP",
    "description": "DECK: spin-up portion of the control (emission-driven)",
    "experiment": "pre-industrial control simulation with CO2 concentration calculated (spin-up)",
    "experiment-id": "esm-piControl-spinup",
    "model-components": {
      "additional-allowed": [
        "AER",
        "CHEM"
      ],
      "required": [
        "AOGCM",
        "BGC"
      ]
    }
  },
  {
    "activity-id": "LESFMIP",
    "description": "As hist-aer but with updated forcings",
    "experiment": "future anthropogenic aerosols-only run",
    "experiment-id": "fut-Aer",
    "model-components": {
      "additional-allowed": [
        "AER",
        "CHEM",
        "BGC"
      ],
      "required": "AOGCM"
    }
  },
  {
    "activity-id": "LESFMIP",
    "description": "As hist-GHG but with updated forcings",
    "experiment": "future well-mixed GHG-only run",
    "experiment-id": "fut-GHG",
    "model-components": {
      "additional-allowed": [
        "AER",
        "CHEM",
        "BGC"
      ],
      "required": "AOGCM"
    }
  },
  {
    "activity-id": "LESFMIP",
    "description": "As hist-lu but with updated forcings",
    "experiment": "Single forcing projections",
    "experiment-id": "fut-lu",
    "model-components": {
      "additional-allowed": [
        "AER",
        "CHEM",
        "BGC"
      ],
      "required": "AOGCM"
    }
  },
  {
    "activity-id": "LESFMIP",
    "description": "As hist-sol but with updated forcings",
    "experiment": "future solar-only run",
    "experiment-id": "fut-sol",
    "model-components": {
      "additional-allowed": [
        "AER",
        "CHEM",
        "BGC"
      ],
      "required": "AOGCM"
    }
  },
  {
    "activity-id": "LESFMIP",
    "description": "As hist-totalO3 but with updated forcings",
    "experiment": "future total ozone-only run",
    "experiment-id": "fut-totalO3",
    "model-components": {
      "additional-allowed": [
        "AER",
        "CHEM",
        "BGC"
      ],
      "required": "AOGCM"
    }
  },
  {
    "activity-id": "LESFMIP",
    "description": "As hist-volc but with updated forcings",
    "experiment": "future volcanic-only run",
    "experiment-id": "fut-volc",
    "model-components": {
      "additional-allowed": [
        "AER",
        "CHEM",
        "BGC"
      ],
      "required": "AOGCM"
    }
  },
  {
    "activity-id": "LESFMIP",
    "description": "Anthropogenic-aerosol-only historical simulations",
    "experiment": "historical anthropogenic aerosols-only run",
    "experiment-id": "hist-aer",
    "model-components": {
      "additional-allowed": [
        "AER",
        "CHEM",
        "BGC"
      ],
      "required": "AOGCM"
    }
  },
  {
    "activity-id": "LESFMIP",
    "description": "Well-mixed greenhouse-gas-only historical simulations",
    "experiment": "historical well-mixed GHG-only run",
    "experiment-id": "hist-GHG",
    "model-components": {
      "additional-allowed": [
        "AER",
        "CHEM",
        "BGC"
      ],
      "required": "AOGCM"
    }
  },
  {
    "activity-id": "LESFMIP",
    "description": "Historical simulations with only land use changes",
    "experiment": "Single forcing historical simulations",
    "experiment-id": "hist-lu",
    "model-components": {
      "additional-allowed": [
        "AER",
        "CHEM",
        "BGC"
      ],
      "required": "AOGCM"
    }
  },
  {
    "activity-id": "LESFMIP",
    "description": "Natural forcings (solar + volcanic)",
    "experiment": "historical natural-only run",
    "experiment-id": "hist-nat",
    "model-components": {
      "additional-allowed": [
        "AER",
        "CHEM",
        "BGC"
      ],
      "required": "AOGCM"
    }
  },
  {
    "activity-id": "LESFMIP",
    "description": "Same as CMIP6 historical but with land cover held at 1850, no human activity; concentration driven",
    "experiment": "historical with no land-use change",
    "experiment-id": "hist-noLu",
    "model-components": {
      "additional-allowed": [
        "AER",
        "CHEM",
        "BGC"
      ],
      "required": "AOGCM"
    }
  },
  {
    "activity-id": "LESFMIP",
    "description": "Historical WMGHG, halocarbon concentrations and O3 precursor emissions, 1850 aerosol precursor emissions.",
    "experiment": "historical forcing, but with pre-industrial aerosol emissions",
    "experiment-id": "hist-piAer",
    "model-components": {
      "additional-allowed": [
        "AER",
        "CHEM",
        "BGC"
      ],
      "required": "AOGCM"
    }
  },
  {
    "activity-id": "LESFMIP",
    "description": "Pre-industrial WMGHG, halocarbon and O3 precursor emissions, other forcings as for the historical experiment",
    "experiment": "historical forcing but with pre-industrial GHG",
    "experiment-id": "hist-piGHG",
    "model-components": {
      "additional-allowed": [
        "AER",
        "CHEM",
        "BGC"
      ],
      "required": "AOGCM"
    }
  },
  {
    "activity-id": "LESFMIP",
    "description": "historical simulations with 1850 solar forcing",
    "experiment": "historical all-but-solar run",
    "experiment-id": "hist-piSol",
    "model-components": {
      "additional-allowed": [
        "AER",
        "CHEM",
        "BGC"
      ],
      "required": "AOGCM"
    }
  },
  {
    "activity-id": "LESFMIP",
    "description": "historical simulations with 1850 total ozone",
    "experiment": "historical all-but-ozone run",
    "experiment-id": "hist-piTotalO3",
    "model-components": {
      "additional-allowed": [
        "AER",
        "CHEM",
        "BGC"
      ],
      "required": "AOGCM"
    }
  },
  {
    "activity-id": "LESFMIP",
    "description": "historical simulations with 1850 volcanic emissions",
    "experiment": "historical all-but-volcanic run",
    "experiment-id": "hist-piVolc",
    "model-components": {
      "additional-allowed": [
        "AER",
        "CHEM",
        "BGC"
      ],
      "required": "AOGCM"
    }
  },
  {
    "activity-id": "LESFMIP",
    "description": "Solar-only historical simulations",
    "experiment": "historical solar-only run",
    "experiment-id": "hist-sol",
    "model-components": {
      "additional-allowed": [
        "AER",
        "CHEM",
        "BGC"
      ],
      "required": "AOGCM"
    }
  },
  {
    "activity-id": "LESFMIP",
    "description": "Ozone-only historical simulations",
    "experiment": "historical total ozone-only run",
    "experiment-id": "hist-totalO3",
    "model-components": {
      "additional-allowed": [
        "AER",
        "CHEM",
        "BGC"
      ],
      "required": "AOGCM"
    }
  },
  {
    "activity-id": "LESFMIP",
    "description": "Volcanic-only historical simulations",
    "experiment": "historical volcanic-only run",
    "experiment-id": "hist-volc",
    "model-components": {
      "additional-allowed": [
        "AER",
        "CHEM",
        "BGC"
      ],
      "required": "AOGCM"
    }
  },
  {
    "activity-id": "CMIP",
    "description": "CMIP6 historical",
    "experiment": "all-forcing simulation of the recent past (CO2 concentration-driven)",
    "experiment-id": "historical",
    "model-components": {
      "additional-allowed": [
        "AER",
        "CHEM",
        "BGC"
      ],
      "required": "AOGCM"
    }
  },
  {
    "activity-id": "CMIP",
    "description": "DECK: control",
    "experiment": "pre-industrial control (CO2 concentration-driven)",
    "experiment-id": "piControl",
    "model-components": {
      "additional-allowed": [
        "AER",
        "CHEM",
        "BGC"
      ],
      "required": "AOGCM"
    }
  },
  {
    "activity-id": "CMIP",
    "description": "DECK: spin-up portion of the control",
    "experiment": "pre-industrial control (spin-up)",
    "experiment-id": "piControl-spinup",
    "model-components": {
      "additional-allowed": [
        "AER",
        "CHEM",
        "BGC"
      ],
      "required": "AOGCM"
    }
  }
]
