{
  "drs": {
    "directory-path-example": "CMIP6Plus/CMIP/MOHC/HadGEM3-GC31-MM/historical/r1i1p1f3/Amon/tas/gn/v20191207/",
    "directory-path-sub-experiment-example": "CMIP6Plus/DCPP/MOHC/HadGEM3-GC31-MM/dcppA-hindcast/s1960-r1i1p1f2/Amon/tas/gn/v20200417/",
    "directory-path-template": "<mip_era>/<activity_id>/<institution_id>/<source_id>/<experiment_id>/<member_id>/<table_id>/<variable_id>/<grid_label>/<version>",
    "filename-example": "tas_Amon_HadGEM3-GC31-MM_historical_r1i1p1f3_gn_185001-186912.nc",
    "filename-sub-experiment-example": "tas_Amon_HadGEM3-GC31-MM_dcppA-hindcast_s1960-r1i1p1f2_gn_196011-196012.nc",
    "filename-template": "<variable_id>_<table_id>_<source_id>_<experiment_id >_<member_id>_<grid_label>[_<time_range>].nc"
  },
  "mip-era": "CMIP6Plus",
  "product": "model-output",
  "required-global-attributes": [
    "conventions",
    "activity-id",
    "creation-date",
    "data-specs-version",
    "experiment",
    "experiment-id",
    "forcing-index",
    "frequency",
    "grid",
    "grid-label",
    "initialization-index",
    "institution",
    "institution-id",
    "license",
    "mip-era",
    "nominal-resolution",
    "physics-index",
    "realization-index",
    "realm",
    "source",
    "source-id",
    "source-type",
    "sub-experiment",
    "sub-experiment-id",
    "table-id",
    "tracking-id",
    "variable-id",
    "variant-label"
  ],
  "tracking-id": "hdl:21.14100/.*"
}
